date,lat_bin,lon_bin,mmsi,fishing_hours
2012-01-12 00:00:00 UTC,514,12,234093000,4.4375
2012-01-12 00:00:00 UTC,514,11,234093000,17.934583333333332
2012-01-12 00:00:00 UTC,514,10,234093000,3.9851388888888888
2012-01-12 00:00:00 UTC,19,1708,440731000,1.8216666666666665
2012-01-12 00:00:00 UTC,19,1704,440731000,8.84763888888889
2012-01-12 00:00:00 UTC,19,1709,440731000,3.7140277777777779
2012-01-12 00:00:00 UTC,19,1705,440731000,5.1919444444444451
2012-01-12 00:00:00 UTC,19,1706,440731000,2.2058333333333335
2012-01-12 00:00:00 UTC,19,1707,440731000,1.8833333333333333
2012-01-12 00:00:00 UTC,33,-1612,440787000,4.3487500000000008
2012-01-12 00:00:00 UTC,33,-1613,440787000,4.6094444444444438
2012-01-12 00:00:00 UTC,33,-1605,440787000,1.8569444444444443
2012-01-12 00:00:00 UTC,33,-1603,440787000,0.85430555555555565
2012-01-12 00:00:00 UTC,33,-1601,440787000,0.887638888888889
2012-01-12 00:00:00 UTC,33,-1606,440787000,0.940277777777778
2012-01-12 00:00:00 UTC,33,-1602,440787000,0.67625
2012-01-12 00:00:00 UTC,33,-1604,440787000,1.2665277777777777
2012-01-12 00:00:00 UTC,34,-1606,440787000,0.044444444444444453
2012-01-12 00:00:00 UTC,34,-1607,440787000,3.5362500000000003
2012-01-12 00:00:00 UTC,34,-1599,440787000,1.752777777777778
2012-01-12 00:00:00 UTC,34,1779,440963000,3.4918055555555556
2012-01-12 00:00:00 UTC,34,1782,440963000,3.7111111111111121
2012-01-12 00:00:00 UTC,35,-1594,440787000,1.7874999999999999
2012-01-12 00:00:00 UTC,35,1784,440963000,1.2830555555555554
2012-01-12 00:00:00 UTC,35,1783,440963000,2.7820833333333335
2012-01-12 00:00:00 UTC,35,1782,440963000,0.90958333333333341
2012-01-12 00:00:00 UTC,35,1788,441251000,1.8027777777777776
2012-01-12 00:00:00 UTC,35,1789,441251000,1.7234722222222221
2012-01-12 00:00:00 UTC,35,1790,441251000,0.80138888888888893
2012-01-12 00:00:00 UTC,35,1787,441251000,1.0097222222222222
2012-01-12 00:00:00 UTC,35,1791,441251000,1.6443055555555552
2012-01-12 00:00:00 UTC,36,1784,440963000,3.5329166666666669
2012-01-12 00:00:00 UTC,36,1782,440963000,5.4513888888888893
2012-01-12 00:00:00 UTC,36,1789,441251000,0.47361111111111109
2012-01-12 00:00:00 UTC,36,1792,441251000,0.94027777777777777
2012-01-12 00:00:00 UTC,36,1790,441251000,0.88069444444444445
2012-01-12 00:00:00 UTC,37,1784,440963000,0.86930555555555555
2012-01-12 00:00:00 UTC,37,1783,440963000,1.587083333333333
2012-01-12 00:00:00 UTC,38,-1697,441018000,0.38597222222222227
2012-01-12 00:00:00 UTC,38,-1703,441018000,4.3334722222222224
2012-01-12 00:00:00 UTC,38,-1698,441018000,2.2833333333333332
2012-01-12 00:00:00 UTC,38,-1704,441018000,4.6361111111111111
2012-01-12 00:00:00 UTC,38,-1699,441018000,4.503055555555556
2012-01-12 00:00:00 UTC,38,-1798,440952000,1.6099999999999997
2012-01-12 00:00:00 UTC,38,-1796,440952000,0.87666666666666659
2012-01-12 00:00:00 UTC,39,-1697,441018000,2.8597222222222225
2012-01-12 00:00:00 UTC,39,-1798,440952000,1.7109722222222219
2012-01-12 00:00:00 UTC,39,-1796,440952000,0.95402777777777781
2012-01-12 00:00:00 UTC,39,-1799,440952000,1.33875
2012-01-12 00:00:00 UTC,40,1722,441650000,1.6027777777777772
2012-01-12 00:00:00 UTC,40,1724,441650000,0.85291666666666666
2012-01-12 00:00:00 UTC,40,1723,441650000,1.1970833333333333
2012-01-12 00:00:00 UTC,40,-1695,441018000,0.82333333333333325
2012-01-12 00:00:00 UTC,40,-1696,441018000,0.99430555555555566
2012-01-12 00:00:00 UTC,40,-1800,440952000,1.8208333333333333
2012-01-12 00:00:00 UTC,40,-1795,440952000,0.88333333333333319
2012-01-12 00:00:00 UTC,40,-1794,440952000,0.94805555555555565
2012-01-12 00:00:00 UTC,40,-1798,440952000,0.83666666666666667
2012-01-12 00:00:00 UTC,40,1794,440952000,8.1806944444444483
2012-01-12 00:00:00 UTC,40,1799,440952000,4.490555555555555
2012-01-12 00:00:00 UTC,41,1721,441650000,1.8470833333333332
2012-01-12 00:00:00 UTC,41,1724,441650000,1.8330555555555557
2012-01-12 00:00:00 UTC,41,-1697,529414000,1.69
2012-01-12 00:00:00 UTC,41,1779,44109000,8.1508333333333347
2012-01-12 00:00:00 UTC,42,1723,441650000,1.0168055555555555
2012-01-12 00:00:00 UTC,42,1722,441650000,8.15388888888889
2012-01-12 00:00:00 UTC,42,1724,441650000,1.8056944444444443
2012-01-12 00:00:00 UTC,42,-1697,529414000,2.3249999999999993
2012-01-12 00:00:00 UTC,42,-1694,441018000,1.8116666666666663
2012-01-12 00:00:00 UTC,42,-1703,440239000,4.5180555555555557
2012-01-12 00:00:00 UTC,42,-1707,440239000,4.3458333333333332
2012-01-12 00:00:00 UTC,42,-1702,440239000,1.8208333333333331
2012-01-12 00:00:00 UTC,42,1790,440590000,1.8580555555555556
2012-01-12 00:00:00 UTC,42,1792,440590000,1.7791666666666666
2012-01-12 00:00:00 UTC,42,1778,44109000,4.5036111111111108
2012-01-12 00:00:00 UTC,43,1719,441650000,0.79722222222222217
2012-01-12 00:00:00 UTC,43,-1695,529414000,0.11541666666666665
2012-01-12 00:00:00 UTC,43,-1696,529414000,0.53208333333333346
2012-01-12 00:00:00 UTC,43,-1697,529414000,0.952638888888889
2012-01-12 00:00:00 UTC,43,-1702,440239000,1.3097222222222222
2012-01-12 00:00:00 UTC,43,-1704,440239000,4.6038888888888891
2012-01-12 00:00:00 UTC,43,1789,440590000,1.479583333333333
2012-01-12 00:00:00 UTC,43,1779,44109000,1.5927777777777776
2012-01-12 00:00:00 UTC,43,1780,44109000,1.8098611111111109
2012-01-12 00:00:00 UTC,43,1778,44109000,1.8252777777777778
2012-01-12 00:00:00 UTC,44,-1705,441043000,1.6143055555555554
2012-01-12 00:00:00 UTC,44,-1695,529414000,1.0763888888888888
2012-01-12 00:00:00 UTC,44,-1696,529414000,3.516805555555556
2012-01-12 00:00:00 UTC,44,-1773,440549000,1.5983333333333332
2012-01-12 00:00:00 UTC,44,-1780,440549000,4.5652777777777782
2012-01-12 00:00:00 UTC,44,-1703,440239000,0.91236111111111118
2012-01-12 00:00:00 UTC,44,-1702,440239000,1.4449999999999998
2012-01-12 00:00:00 UTC,44,1788,440590000,1.325
2012-01-12 00:00:00 UTC,44,1789,440590000,0.8568055555555556
2012-01-12 00:00:00 UTC,44,1794,440590000,1.8570833333333332
2012-01-12 00:00:00 UTC,44,1780,44109000,1.8374999999999997
2012-01-12 00:00:00 UTC,44,1778,44109000,1.3891666666666667
2012-01-12 00:00:00 UTC,44,1777,44109000,1.3273611111111112
2012-01-12 00:00:00 UTC,44,1779,44109000,1.1986111111111111
2012-01-12 00:00:00 UTC,45,-1706,440820000,0.84722222222222232
2012-01-12 00:00:00 UTC,45,-1705,440820000,1.5223611111111113
2012-01-12 00:00:00 UTC,45,-1704,441043000,1.6791666666666665
2012-01-12 00:00:00 UTC,45,-1777,440549000,5.3422222222222224
2012-01-12 00:00:00 UTC,45,-1774,440549000,1.7012499999999997
2012-01-12 00:00:00 UTC,45,-1776,440549000,0.99249999999999983
2012-01-12 00:00:00 UTC,45,-1775,440549000,2.1766666666666667
2012-01-12 00:00:00 UTC,45,-1781,440549000,4.3527777777777779
2012-01-12 00:00:00 UTC,45,-1694,441018000,1.8020833333333333
2012-01-12 00:00:00 UTC,45,-1704,440239000,1.8697222222222223
2012-01-12 00:00:00 UTC,45,1787,440590000,1.822222222222222
2012-01-12 00:00:00 UTC,45,-1706,441825000,1.8558333333333332
2012-01-12 00:00:00 UTC,46,-1705,440820000,1.8609722222222222
2012-01-12 00:00:00 UTC,46,-1703,441043000,1.8259722222222219
2012-01-12 00:00:00 UTC,46,-1704,441043000,2.2125
2012-01-12 00:00:00 UTC,46,-1694,529414000,0.78333333333333333
2012-01-12 00:00:00 UTC,46,-1699,529414000,4.3626388888888892
2012-01-12 00:00:00 UTC,46,-1701,529414000,4.6166666666666671
2012-01-12 00:00:00 UTC,46,-1773,440549000,1.8298611111111109
2012-01-12 00:00:00 UTC,46,-1710,440239000,0.9834722222222223
2012-01-12 00:00:00 UTC,46,-1709,440239000,0.82347222222222216
2012-01-12 00:00:00 UTC,46,-1707,440239000,0.89152777777777781
2012-01-12 00:00:00 UTC,46,-1706,440239000,0.91805555555555562
2012-01-12 00:00:00 UTC,46,1787,440590000,4.54125
2012-01-12 00:00:00 UTC,46,-1705,441825000,0.91305555555555551
2012-01-12 00:00:00 UTC,46,-1709,441825000,0.81791666666666663
2012-01-12 00:00:00 UTC,46,-1704,441825000,0.89833333333333332
2012-01-12 00:00:00 UTC,46,-1707,441825000,12.794861111111112
2012-01-12 00:00:00 UTC,46,-1706,441825000,1.8376388888888888
2012-01-12 00:00:00 UTC,46,-1710,441825000,0.98361111111111121
2012-01-12 00:00:00 UTC,47,1774,440778000,1.548472222222222
2012-01-12 00:00:00 UTC,47,1773,440778000,1.6931944444444442
2012-01-12 00:00:00 UTC,47,-1705,440820000,1.3179166666666666
2012-01-12 00:00:00 UTC,47,-1706,440820000,1.8097222222222222
2012-01-12 00:00:00 UTC,47,-1707,440820000,6.3170833333333345
2012-01-12 00:00:00 UTC,47,-1704,440820000,1.8149999999999995
2012-01-12 00:00:00 UTC,47,-1705,441043000,0.9588888888888889
2012-01-12 00:00:00 UTC,47,-1704,441043000,1.8266666666666667
2012-01-12 00:00:00 UTC,47,-1694,529414000,0.81944444444444453
2012-01-12 00:00:00 UTC,47,-1773,440549000,1.8155555555555554
2012-01-12 00:00:00 UTC,48,1777,440778000,0.027916666666666666
2012-01-12 00:00:00 UTC,48,1772,440778000,2.2247222222222223
2012-01-12 00:00:00 UTC,48,1778,440778000,0.97597222222222224
2012-01-12 00:00:00 UTC,48,1776,440778000,0.87680555555555562
2012-01-12 00:00:00 UTC,48,-1708,441043000,4.6120833333333326
2012-01-12 00:00:00 UTC,48,-1709,441043000,4.3670833333333334
2012-01-12 00:00:00 UTC,48,-1703,441043000,0.88375
2012-01-12 00:00:00 UTC,48,-1704,441043000,0.93097222222222242
2012-01-12 00:00:00 UTC,48,-1705,441043000,3.5370833333333338
2012-01-12 00:00:00 UTC,49,1771,440778000,1.8387499999999999
2012-01-12 00:00:00 UTC,49,-1711,440820000,8.950277777777778
2012-01-12 00:00:00 UTC,49,-1695,529414000,1.8348611111111111
2012-01-12 00:00:00 UTC,49,1783,440590000,8.1198611111111116
2012-01-12 00:00:00 UTC,49,-1788,520227000,4.509722222222222
2012-01-12 00:00:00 UTC,-463,-608,416842000,22.560416666666669
2012-01-12 00:00:00 UTC,-463,-608,416031900,12.31138888888889
2012-01-12 00:00:00 UTC,50,1770,440778000,3.6894444444444443
2012-01-12 00:00:00 UTC,50,-1787,520227000,2.1763888888888889
2012-01-12 00:00:00 UTC,50,-1794,520227000,1.8744444444444446
2012-01-12 00:00:00 UTC,50,-1788,520227000,2.5516666666666667
2012-01-12 00:00:00 UTC,50,-1791,520227000,1.7972222222222223
2012-01-12 00:00:00 UTC,50,-1784,520227000,8.174722222222222
2012-01-12 00:00:00 UTC,50,-1724,440620000,1.8112499999999998
2012-01-12 00:00:00 UTC,50,-1722,440620000,1.7444444444444447
2012-01-12 00:00:00 UTC,50,-1723,440620000,2.1815277777777782
2012-01-12 00:00:00 UTC,-462,-608,515303000,13.499583333333334
2012-01-12 00:00:00 UTC,-462,-608,416031900,11.845833333333337
2012-01-12 00:00:00 UTC,-462,-608,440548000,9.9087500000000013
2012-01-12 00:00:00 UTC,-462,-609,440548000,3.5944444444444446
2012-01-12 00:00:00 UTC,51,-1788,520227000,0.87222222222222223
2012-01-12 00:00:00 UTC,51,-1790,520227000,0.81819444444444445
2012-01-12 00:00:00 UTC,51,-1789,520227000,0.90666666666666673
2012-01-12 00:00:00 UTC,51,-1725,440620000,9.1113888888888876
2012-01-12 00:00:00 UTC,-461,-608,440818000,11.546944444444447
2012-01-12 00:00:00 UTC,-461,-608,515303000,0.81819444444444445
2012-01-12 00:00:00 UTC,-461,-608,441766000,9.1140277777777783
2012-01-12 00:00:00 UTC,-461,-609,441360000,8.70986111111111
2012-01-12 00:00:00 UTC,-461,-608,441413000,14.782916666666669
2012-01-12 00:00:00 UTC,52,1719,431251000,0.84902777777777771
2012-01-12 00:00:00 UTC,52,1720,431251000,0.92319444444444443
2012-01-12 00:00:00 UTC,52,1721,431251000,1.5483333333333331
2012-01-12 00:00:00 UTC,52,1718,431251000,2.1954166666666666
2012-01-12 00:00:00 UTC,52,-1696,529414000,1.8638888888888883
2012-01-12 00:00:00 UTC,52,-1719,440620000,1.8415277777777777
2012-01-12 00:00:00 UTC,52,-1722,440620000,1.5736111111111111
2012-01-12 00:00:00 UTC,-460,-608,441766000,13.16416666666667
2012-01-12 00:00:00 UTC,-460,-608,441413000,1.9544444444444442
2012-01-12 00:00:00 UTC,-460,-607,441412000,9.8819444444444446
2012-01-12 00:00:00 UTC,-460,-608,441412000,11.122916666666665
2012-01-12 00:00:00 UTC,-460,-607,416032500,0.79305555555555551
2012-01-12 00:00:00 UTC,53,1767,440778000,5.4827777777777769
2012-01-12 00:00:00 UTC,53,1716,431251000,1.8245833333333334
2012-01-12 00:00:00 UTC,53,1715,431251000,3.7231944444444447
2012-01-12 00:00:00 UTC,-459,-607,416755000,22.562500000000004
2012-01-12 00:00:00 UTC,-459,-606,416755000,9.9393055555555563
2012-01-12 00:00:00 UTC,-459,-608,440818000,9.088750000000001
2012-01-12 00:00:00 UTC,-459,-608,441298000,24.595416666666672
2012-01-12 00:00:00 UTC,-459,-608,441412000,11.504027777777777
2012-01-12 00:00:00 UTC,-459,-608,441410000,12.298055555555555
2012-01-12 00:00:00 UTC,-459,-607,441410000,11.95
2012-01-12 00:00:00 UTC,54,1744,431253000,0.86694444444444441
2012-01-12 00:00:00 UTC,54,1768,440778000,3.5143055555555556
2012-01-12 00:00:00 UTC,54,1736,431070000,1.8499999999999999
2012-01-12 00:00:00 UTC,54,1708,431251000,5.4484722222222226
2012-01-12 00:00:00 UTC,54,1710,431251000,3.4779166666666668
2012-01-12 00:00:00 UTC,54,1722,431251000,1.7863888888888888
2012-01-12 00:00:00 UTC,54,1724,431251000,1.8788888888888884
2012-01-12 00:00:00 UTC,54,-1720,440620000,1.828611111111111
2012-01-12 00:00:00 UTC,-458,-603,412420382,2.3583333333333334
2012-01-12 00:00:00 UTC,-458,-605,412420382,22.258055555555554
2012-01-12 00:00:00 UTC,-458,-607,701006145,14.320138888888888
2012-01-12 00:00:00 UTC,-458,-607,441330000,9.0611111111111118
2012-01-12 00:00:00 UTC,-458,-607,441766000,1.5777777777777777
2012-01-12 00:00:00 UTC,-458,-607,441303000,23.852916666666665
2012-01-12 00:00:00 UTC,55,1743,431253000,1.6108333333333336
2012-01-12 00:00:00 UTC,55,1744,431253000,0.32069444444444445
2012-01-12 00:00:00 UTC,55,1741,431253000,6.410277777777778
2012-01-12 00:00:00 UTC,55,1738,431253000,0.85958333333333325
2012-01-12 00:00:00 UTC,55,1745,431253000,0.53277777777777779
2012-01-12 00:00:00 UTC,55,1742,431253000,0.84041666666666659
2012-01-12 00:00:00 UTC,55,1738,431070000,0.86944444444444446
2012-01-12 00:00:00 UTC,55,1739,431070000,0.22916666666666669
2012-01-12 00:00:00 UTC,55,1734,431070000,3.7040277777777781
2012-01-12 00:00:00 UTC,55,1737,431070000,2.1805555555555554
2012-01-12 00:00:00 UTC,56,1745,431253000,2.2158333333333333
2012-01-12 00:00:00 UTC,56,1740,431070000,2.4263888888888889
2012-01-12 00:00:00 UTC,56,1739,431070000,0.61666666666666659
2012-01-12 00:00:00 UTC,56,-1786,529415000,1.7981944444444444
2012-01-12 00:00:00 UTC,56,-1785,529415000,4.5109722222222217
2012-01-12 00:00:00 UTC,57,1740,431070000,0.98652777777777778
2012-01-12 00:00:00 UTC,57,1731,431070000,8.9627777777777773
2012-01-12 00:00:00 UTC,57,-1781,529415000,3.594444444444445
2012-01-12 00:00:00 UTC,57,-1780,529415000,4.5754166666666665
2012-01-12 00:00:00 UTC,57,-1790,529415000,0.99999999999999989
2012-01-12 00:00:00 UTC,57,-1789,529415000,0.81791666666666674
2012-01-12 00:00:00 UTC,57,-1785,529415000,2.205
2012-01-12 00:00:00 UTC,58,1742,431253000,3.5147222222222219
2012-01-12 00:00:00 UTC,58,1744,431253000,1.8190277777777779
2012-01-12 00:00:00 UTC,58,1740,431070000,0.9291666666666667
2012-01-12 00:00:00 UTC,58,1741,431070000,0.91125000000000012
2012-01-12 00:00:00 UTC,59,1744,431253000,3.7066666666666666
2012-01-12 00:00:00 UTC,59,-1789,529415000,1.8099999999999996
2012-01-12 00:00:00 UTC,59,-1787,529415000,0.96097222222222212
2012-01-12 00:00:00 UTC,59,-1786,529415000,0.088888888888888878
2012-01-12 00:00:00 UTC,578,105,219838000,0.73986111111111108
2012-01-12 00:00:00 UTC,-183,-795,900200898,5.87375
2012-01-12 00:00:00 UTC,589,-42,235826000,2.8731944444444446
2012-01-12 00:00:00 UTC,589,-43,235826000,0.44375
2012-01-12 00:00:00 UTC,590,-41,235826000,0.91166666666666663
2012-01-12 00:00:00 UTC,590,-43,235826000,0.52027777777777784
2012-01-12 00:00:00 UTC,590,-42,235826000,1.4373611111111111
2012-01-12 00:00:00 UTC,590,-40,235826000,0.33597222222222223
2012-01-12 00:00:00 UTC,591,-40,235826000,0.73916666666666653
2012-01-12 00:00:00 UTC,591,-41,235826000,4.2804166666666665
2012-01-12 00:00:00 UTC,591,-43,235826000,1.08
2012-01-12 00:00:00 UTC,591,-44,235826000,5.9977777777777774
2012-01-12 00:00:00 UTC,591,-42,235826000,1.9801388888888889
2012-01-12 00:00:00 UTC,591,-45,235826000,3.1056944444444441
2012-01-12 00:00:00 UTC,605,-5,234896000,0.6218055555555555
2012-01-12 00:00:00 UTC,606,-5,234896000,0.675138888888889
2012-01-12 00:00:00 UTC,606,-4,234896000,1.1579166666666667
2012-01-12 00:00:00 UTC,607,-4,234896000,0.88902777777777775
2012-01-12 00:00:00 UTC,-144,-1118,431182000,1.0627777777777778
2012-01-12 00:00:00 UTC,-144,-1117,431182000,1.2276388888888889
2012-01-12 00:00:00 UTC,-143,-1120,431182000,4.8956944444444437
2012-01-12 00:00:00 UTC,-143,-1291,440503000,2.7041666666666666
2012-01-12 00:00:00 UTC,-143,-1297,440503000,4.7612499999999995
2012-01-12 00:00:00 UTC,-143,-1292,440503000,8.6929166666666671
2012-01-12 00:00:00 UTC,-143,-1296,440503000,4.95263888888889
2012-01-12 00:00:00 UTC,-142,738,416757000,7.2970833333333323
2012-01-12 00:00:00 UTC,-142,739,416757000,2.4973611111111111
2012-01-12 00:00:00 UTC,-142,-1290,440645000,0.95680555555555569
2012-01-12 00:00:00 UTC,-142,-1291,440645000,3.6140277777777778
2012-01-12 00:00:00 UTC,-142,-1117,431182000,1.8126388888888889
2012-01-12 00:00:00 UTC,-142,-1289,440503000,1.8445833333333335
2012-01-12 00:00:00 UTC,-142,-1290,440503000,1.2791666666666663
2012-01-12 00:00:00 UTC,-141,-1353,440807000,3.8431944444444444
2012-01-12 00:00:00 UTC,-141,-1352,440807000,5.1531944444444449
2012-01-12 00:00:00 UTC,-140,-1350,440807000,4.3608333333333338
2012-01-12 00:00:00 UTC,-140,-1346,440807000,0.84847222222222218
2012-01-12 00:00:00 UTC,-140,-1347,440807000,0.97486111111111107
2012-01-12 00:00:00 UTC,-139,-1347,440807000,2.6502777777777773
2012-01-12 00:00:00 UTC,-139,-1348,440807000,6.357499999999999
2012-01-12 00:00:00 UTC,-139,-1289,440645000,1.8331944444444446
2012-01-12 00:00:00 UTC,-139,-1117,431182000,1.8402777777777777
2012-01-12 00:00:00 UTC,-137,-1288,440645000,0.91680555555555554
2012-01-12 00:00:00 UTC,-137,-1121,431182000,4.9552777777777779
2012-01-12 00:00:00 UTC,-136,-1327,440574000,3.85
2012-01-12 00:00:00 UTC,-136,-1331,440574000,5.3651388888888887
2012-01-12 00:00:00 UTC,-136,-1328,440574000,6.7402777777777771
2012-01-12 00:00:00 UTC,-136,-1288,440645000,1.7833333333333334
2012-01-12 00:00:00 UTC,-136,-1121,431182000,3.9347222222222218
2012-01-12 00:00:00 UTC,-136,-1118,431182000,4.4805555555555561
2012-01-12 00:00:00 UTC,-135,-1328,440574000,5.2098611111111133
2012-01-12 00:00:00 UTC,-135,-1327,440574000,2.181805555555556
2012-01-12 00:00:00 UTC,-135,-1288,440645000,4.6445833333333324
2012-01-12 00:00:00 UTC,-134,-1237,440847000,3.5930555555555554
2012-01-12 00:00:00 UTC,-133,-1308,515377000,4.5379166666666668
2012-01-12 00:00:00 UTC,-133,-1304,515377000,5.1949999999999994
2012-01-12 00:00:00 UTC,-133,-1307,515377000,5.70486111111111
2012-01-12 00:00:00 UTC,-133,-1305,515377000,2.1805555555555554
2012-01-12 00:00:00 UTC,-133,-1237,440847000,0.92208333333333337
2012-01-12 00:00:00 UTC,-132,-1309,515377000,4.9433333333333325
2012-01-12 00:00:00 UTC,-132,-1289,440645000,4.0973611111111108
2012-01-12 00:00:00 UTC,-131,-1289,440645000,0.83611111111111125
2012-01-12 00:00:00 UTC,-131,-1240,440847000,4.9251388888888883
2012-01-12 00:00:00 UTC,-131,-1241,440847000,4.7440277777777773
2012-01-12 00:00:00 UTC,-131,-1236,440847000,6.1654166666666663
2012-01-12 00:00:00 UTC,-130,-1289,440645000,3.8681944444444447
2012-01-12 00:00:00 UTC,-130,-1236,440847000,3.0487500000000005
2012-01-12 00:00:00 UTC,-119,-1156,431704230,5.5570833333333338
2012-01-12 00:00:00 UTC,-118,-1155,431704230,0.50277777777777777
2012-01-12 00:00:00 UTC,-118,-1154,431704230,0.80666666666666664
2012-01-12 00:00:00 UTC,-117,-1154,431704230,1.3393055555555553
2012-01-12 00:00:00 UTC,-114,-1154,431704230,1.841388888888889
2012-01-12 00:00:00 UTC,-114,-1193,431022000,0.80680555555555555
2012-01-12 00:00:00 UTC,-113,-1193,431022000,0.83180555555555558
2012-01-12 00:00:00 UTC,-112,-1158,431704230,5.7177777777777781
2012-01-12 00:00:00 UTC,-112,-1154,431704230,0.94166666666666676
2012-01-12 00:00:00 UTC,-112,-1194,431022000,3.9055555555555554
2012-01-12 00:00:00 UTC,-111,-1154,431704230,3.5458333333333334
2012-01-12 00:00:00 UTC,-111,-1158,431704230,3.9573611111111116
2012-01-12 00:00:00 UTC,-108,-1224,440919000,1.3543055555555554
2012-01-12 00:00:00 UTC,-107,-1226,440919000,4.552777777777778
2012-01-12 00:00:00 UTC,-107,-1224,440919000,8.8423611111111153
2012-01-12 00:00:00 UTC,-107,-1223,440919000,5.9943055555555569
2012-01-12 00:00:00 UTC,-106,-1224,440919000,1.7969444444444445
2012-01-12 00:00:00 UTC,-101,-1223,431797000,3.8763888888888887
2012-01-12 00:00:00 UTC,-101,-1222,431797000,4.8862499999999995
2012-01-12 00:00:00 UTC,-99,-1294,431802000,1.315
2012-01-12 00:00:00 UTC,-98,-1294,431802000,0.86722222222222234
2012-01-12 00:00:00 UTC,-98,-1295,431802000,7.0426388888888889
2012-01-12 00:00:00 UTC,-95,-1221,431797000,4.7563888888888881
2012-01-12 00:00:00 UTC,-95,-1294,431802000,1.8470833333333332
2012-01-12 00:00:00 UTC,-94,-1293,431802000,4.9077777777777785
2012-01-12 00:00:00 UTC,-93,-1292,431802000,4.7758333333333329
2012-01-12 00:00:00 UTC,-92,-1292,431802000,2.6706944444444445
2012-01-12 00:00:00 UTC,-92,-1274,431329000,1.4076388888888891
2012-01-12 00:00:00 UTC,-91,-1275,431329000,7.3808333333333334
2012-01-12 00:00:00 UTC,-91,-1274,431329000,4.3418055555555553
2012-01-12 00:00:00 UTC,-89,-1276,431329000,1.8431944444444444
2012-01-12 00:00:00 UTC,-88,-1283,431869000,0.37236111111111114
2012-01-12 00:00:00 UTC,-88,-1284,431869000,6.085
2012-01-12 00:00:00 UTC,-87,-1254,431490000,0.93055555555555569
2012-01-12 00:00:00 UTC,-86,-1297,432454000,3.9215277777777775
2012-01-12 00:00:00 UTC,-86,-1255,431490000,4.9016666666666664
2012-01-12 00:00:00 UTC,-86,-1275,431329000,4.9222222222222225
2012-01-12 00:00:00 UTC,-85,-1297,432454000,4.9013888888888895
2012-01-12 00:00:00 UTC,-85,-1255,431490000,3.8908333333333331
2012-01-12 00:00:00 UTC,-85,-1275,431329000,3.8483333333333332
2012-01-12 00:00:00 UTC,-84,-1254,431490000,0.90708333333333335
2012-01-12 00:00:00 UTC,-83,-1285,431869000,4.9163888888888883
2012-01-12 00:00:00 UTC,-81,-1286,431869000,0.81361111111111106
2012-01-12 00:00:00 UTC,-81,-1254,431490000,0.85666666666666669
2012-01-12 00:00:00 UTC,-80,-1254,431490000,1.0001388888888889
2012-01-12 00:00:00 UTC,-79,-1298,432454000,5.2313888888888886
2012-01-12 00:00:00 UTC,-79,-1254,431490000,3.5498611111111109
2012-01-12 00:00:00 UTC,-78,-1298,432454000,2.1595833333333334
2012-01-12 00:00:00 UTC,-76,-1299,432454000,0.89208333333333345
2012-01-12 00:00:00 UTC,-66,-1302,432454000,2.6415277777777777
2012-01-12 00:00:00 UTC,447,335,272440000,5.3731944444444455
2012-01-12 00:00:00 UTC,-60,-1620,440986000,4.6040277777777776
2012-01-12 00:00:00 UTC,-60,-1620,440781000,1.5955555555555554
2012-01-12 00:00:00 UTC,-60,-1621,440781000,0.80638888888888882
2012-01-12 00:00:00 UTC,-60,-1622,440781000,3.1409722222222216
2012-01-12 00:00:00 UTC,-60,-1619,440781000,4.5095833333333335
2012-01-12 00:00:00 UTC,-59,-1621,441098000,8.9450000000000021
2012-01-12 00:00:00 UTC,-59,-1620,440986000,4.3334722222222224
2012-01-12 00:00:00 UTC,-59,-1622,440612000,4.3556944444444445
2012-01-12 00:00:00 UTC,-59,-1447,440045000,8.1829166666666673
2012-01-12 00:00:00 UTC,-59,-1623,440781000,4.5261111111111108
2012-01-12 00:00:00 UTC,-59,-1620,440781000,0.77972222222222232
2012-01-12 00:00:00 UTC,-58,-1613,441098000,1.8234722222222224
2012-01-12 00:00:00 UTC,-58,-1448,440933000,8.9805555555555578
2012-01-12 00:00:00 UTC,-58,-1621,440612000,4.6054166666666667
2012-01-12 00:00:00 UTC,-58,-1448,440045000,1.7929166666666667
2012-01-12 00:00:00 UTC,-58,-1622,440781000,4.3329166666666667
2012-01-12 00:00:00 UTC,-58,-1447,576363000,8.9449999999999985
2012-01-12 00:00:00 UTC,-57,-1617,441098000,4.5254166666666666
2012-01-12 00:00:00 UTC,-57,-1616,441098000,1.4108333333333334
2012-01-12 00:00:00 UTC,-57,-1494,440788000,3.2265277777777781
2012-01-12 00:00:00 UTC,-57,-1495,440788000,1.859861111111111
2012-01-12 00:00:00 UTC,-57,-1439,440656000,2.6780555555555559
2012-01-12 00:00:00 UTC,-57,-1614,440986000,0.42902777777777779
2012-01-12 00:00:00 UTC,-57,-1615,440986000,2.2513888888888882
2012-01-12 00:00:00 UTC,-57,-1616,440986000,4.5270833333333327
2012-01-12 00:00:00 UTC,-57,-1618,440612000,4.5362500000000008
2012-01-12 00:00:00 UTC,-57,-1614,440612000,2.7047222222222222
2012-01-12 00:00:00 UTC,-57,-1618,441644000,4.5866666666666669
2012-01-12 00:00:00 UTC,-57,-1620,441644000,4.3459722222222226
2012-01-12 00:00:00 UTC,-56,-1611,441098000,1.7595833333333335
2012-01-12 00:00:00 UTC,-56,-1616,441098000,0.85388888888888892
2012-01-12 00:00:00 UTC,-56,-1614,441098000,1.5915277777777779
2012-01-12 00:00:00 UTC,-56,-1615,441098000,1.6738888888888885
2012-01-12 00:00:00 UTC,-56,-1493,440788000,1.2445833333333334
2012-01-12 00:00:00 UTC,-56,-1494,440788000,1.2831944444444445
2012-01-12 00:00:00 UTC,-56,-1597,440617000,2.7473611111111111
2012-01-12 00:00:00 UTC,-56,-1444,440935000,1.7986111111111112
2012-01-12 00:00:00 UTC,-56,-1441,440935000,1.9068055555555554
2012-01-12 00:00:00 UTC,-56,-1448,440933000,1.8369444444444443
2012-01-12 00:00:00 UTC,-56,-1476,441029000,1.91125
2012-01-12 00:00:00 UTC,-56,-1612,440986000,3.4584722222222224
2012-01-12 00:00:00 UTC,-56,-1614,440986000,2.8383333333333334
2012-01-12 00:00:00 UTC,-56,-1616,440612000,1.6749999999999998
2012-01-12 00:00:00 UTC,-56,-1617,440612000,2.2695833333333328
2012-01-12 00:00:00 UTC,-56,-1455,440654000,1.7943055555555554
2012-01-12 00:00:00 UTC,-56,-1617,441644000,1.40875
2012-01-12 00:00:00 UTC,-56,-1618,441644000,4.5290277777777774
2012-01-12 00:00:00 UTC,-56,-1614,441644000,1.8080555555555555
2012-01-12 00:00:00 UTC,-56,-1441,576363000,0.88763888888888887
2012-01-12 00:00:00 UTC,-56,-1442,576363000,1.8720833333333333
2012-01-12 00:00:00 UTC,-55,-1493,440298000,8.1659722222222229
2012-01-12 00:00:00 UTC,-55,-1613,441098000,1.8572222222222221
2012-01-12 00:00:00 UTC,-55,-1494,440788000,7.7574999999999994
2012-01-12 00:00:00 UTC,-55,-1497,440788000,8.1570833333333344
2012-01-12 00:00:00 UTC,-55,-1622,440636000,1.7469444444444442
2012-01-12 00:00:00 UTC,-55,-1623,440636000,3.6472222222222226
2012-01-12 00:00:00 UTC,-55,-1448,440933000,0.87083333333333324
2012-01-12 00:00:00 UTC,-55,-1613,440986000,1.87625
2012-01-12 00:00:00 UTC,-55,-1615,440612000,1.5936111111111109
2012-01-12 00:00:00 UTC,-55,-1614,440612000,2.7336111111111108
2012-01-12 00:00:00 UTC,-55,-1454,440654000,1.8183333333333334
2012-01-12 00:00:00 UTC,-55,-1453,440654000,8.9781944444444459
2012-01-12 00:00:00 UTC,-55,-1448,440045000,1.8270833333333329
2012-01-12 00:00:00 UTC,-55,-1615,441644000,2.9651388888888892
2012-01-12 00:00:00 UTC,-55,-1616,441644000,2.9977777777777774
2012-01-12 00:00:00 UTC,-55,-1444,576363000,2.1681944444444445
2012-01-12 00:00:00 UTC,-55,-1443,576363000,1.7920833333333333
2012-01-12 00:00:00 UTC,-55,-1445,576363000,5.0243055555555554
2012-01-12 00:00:00 UTC,-54,-1488,440298000,1.6247222222222222
2012-01-12 00:00:00 UTC,-54,-1487,440298000,2.3654166666666669
2012-01-12 00:00:00 UTC,-54,-1486,440298000,1.8323611111111107
2012-01-12 00:00:00 UTC,-54,-1489,440298000,5.0287500000000005
2012-01-12 00:00:00 UTC,-54,-1625,440636000,4.3448611111111113
2012-01-12 00:00:00 UTC,-54,-1622,440636000,1.3980555555555556
2012-01-12 00:00:00 UTC,-54,-1439,440656000,1.8618055555555555
2012-01-12 00:00:00 UTC,-54,-1447,440933000,1.7834722222222221
2012-01-12 00:00:00 UTC,-54,-1484,441029000,8.1991666666666667
2012-01-12 00:00:00 UTC,-54,-1477,441029000,1.7723611111111111
2012-01-12 00:00:00 UTC,-54,-1456,440654000,1.8570833333333332
2012-01-12 00:00:00 UTC,-54,-1448,440045000,4.9766666666666666
2012-01-12 00:00:00 UTC,-54,-1445,440045000,1.8384722222222216
2012-01-12 00:00:00 UTC,-54,-1483,440706000,2.282222222222221
2012-01-12 00:00:00 UTC,-54,-1484,440706000,2.2665277777777781
2012-01-12 00:00:00 UTC,-54,-1489,440706000,8.1520833333333336
2012-01-12 00:00:00 UTC,-54,-1485,440706000,4.47888888888889
2012-01-12 00:00:00 UTC,-54,-1614,441644000,1.794861111111111
2012-01-12 00:00:00 UTC,-53,-1487,440298000,1.8805555555555555
2012-01-12 00:00:00 UTC,-53,-1492,440298000,0.89777777777777779
2012-01-12 00:00:00 UTC,-53,-1493,440298000,0.92305555555555552
2012-01-12 00:00:00 UTC,-53,-1490,440298000,1.7744444444444445
2012-01-12 00:00:00 UTC,-53,-1441,440935000,1.8054166666666667
2012-01-12 00:00:00 UTC,-53,-1623,440636000,0.79833333333333334
2012-01-12 00:00:00 UTC,-53,-1622,440636000,0.87666666666666671
2012-01-12 00:00:00 UTC,-53,-1624,440636000,4.6251388888888894
2012-01-12 00:00:00 UTC,-53,-1447,440933000,0.3930555555555556
2012-01-12 00:00:00 UTC,-53,-1448,440933000,5.8527777777777787
2012-01-12 00:00:00 UTC,-53,-1480,441029000,5.027916666666667
2012-01-12 00:00:00 UTC,-53,-1458,440654000,5.8376388888888879
2012-01-12 00:00:00 UTC,-53,-1447,440045000,2.263472222222223
2012-01-12 00:00:00 UTC,-53,-1448,440045000,1.7222222222222223
2012-01-12 00:00:00 UTC,-53,-1446,440045000,1.8615277777777774
2012-01-12 00:00:00 UTC,-53,-1483,440706000,1.8295833333333333
2012-01-12 00:00:00 UTC,-52,-1634,440927000,0.92555555555555558
2012-01-12 00:00:00 UTC,-52,-1636,440927000,1.8227777777777778
2012-01-12 00:00:00 UTC,-52,-1633,440927000,0.95791666666666664
2012-01-12 00:00:00 UTC,-52,-1631,440927000,1.7895833333333333
2012-01-12 00:00:00 UTC,-52,-1639,440927000,8.1520833333333336
2012-01-12 00:00:00 UTC,-52,-1623,440636000,1.5372222222222225
2012-01-12 00:00:00 UTC,-52,-1446,440933000,2.2152777777777777
2012-01-12 00:00:00 UTC,-52,-1447,440933000,1.3361111111111108
2012-01-12 00:00:00 UTC,-52,-1445,440933000,1.1041666666666663
2012-01-12 00:00:00 UTC,-52,-1479,441029000,2.2561111111111107
2012-01-12 00:00:00 UTC,-52,-1478,441029000,1.8263888888888884
2012-01-12 00:00:00 UTC,-52,-1480,441029000,1.7149999999999999
2012-01-12 00:00:00 UTC,-52,-1458,440654000,1.8429166666666665
2012-01-12 00:00:00 UTC,-52,-1459,440654000,1.7344444444444442
2012-01-12 00:00:00 UTC,-52,-1440,440504000,3.5902777777777781
2012-01-12 00:00:00 UTC,-52,-1486,440706000,0.99874999999999992
2012-01-12 00:00:00 UTC,-52,-1489,440706000,2.6798611111111112
2012-01-12 00:00:00 UTC,-52,-1485,440706000,0.88347222222222221
2012-01-12 00:00:00 UTC,-51,-1632,440927000,2.3543055555555554
2012-01-12 00:00:00 UTC,-51,-1635,440927000,4.5291666666666668
2012-01-12 00:00:00 UTC,-51,-1634,440927000,0.98569444444444443
2012-01-12 00:00:00 UTC,-51,-1633,440927000,2.1397222222222223
2012-01-12 00:00:00 UTC,-51,-1639,440584000,4.3141666666666669
2012-01-12 00:00:00 UTC,-51,-1640,440584000,4.6261111111111113
2012-01-12 00:00:00 UTC,-51,-1632,440584000,3.3995833333333332
2012-01-12 00:00:00 UTC,-51,-1633,440584000,1.6893055555555556
2012-01-12 00:00:00 UTC,-51,-1634,440584000,2.2563888888888886
2012-01-12 00:00:00 UTC,-51,-1631,440584000,1.8387499999999999
2012-01-12 00:00:00 UTC,-51,-1635,440584000,6.3055555555555554
2012-01-12 00:00:00 UTC,-51,-1445,440935000,8.9906944444444452
2012-01-12 00:00:00 UTC,-51,-1439,440935000,0.88222222222222224
2012-01-12 00:00:00 UTC,-51,-1622,440636000,0.86388888888888893
2012-01-12 00:00:00 UTC,-51,-1627,440636000,1.7972222222222223
2012-01-12 00:00:00 UTC,-51,-1624,440636000,1.8466666666666665
2012-01-12 00:00:00 UTC,-51,-1621,440636000,0.97222222222222221
2012-01-12 00:00:00 UTC,-51,-1438,440656000,1.8297222222222222
2012-01-12 00:00:00 UTC,-51,-1459,440654000,1.4251388888888887
2012-01-12 00:00:00 UTC,-51,-1438,440931000,0.98166666666666658
2012-01-12 00:00:00 UTC,-51,-1439,440504000,1.7000000000000002
2012-01-12 00:00:00 UTC,-51,-1438,440504000,5.0038888888888895
2012-01-12 00:00:00 UTC,-51,-1441,440504000,1.91875
2012-01-12 00:00:00 UTC,-51,-1440,440504000,2.2920833333333333
2012-01-12 00:00:00 UTC,-50,-1595,440617000,2.7388888888888889
2012-01-12 00:00:00 UTC,-50,-1438,440935000,1.38625
2012-01-12 00:00:00 UTC,-50,-1439,440935000,3.4955555555555557
2012-01-12 00:00:00 UTC,-50,-1440,440935000,5.0409722222222229
2012-01-12 00:00:00 UTC,-50,-1439,440656000,2.233888888888889
2012-01-12 00:00:00 UTC,-50,-1440,440656000,9.1613888888888919
2012-01-12 00:00:00 UTC,-50,-1438,440656000,1.452638888888889
2012-01-12 00:00:00 UTC,-50,-1439,440931000,2.1622222222222218
2012-01-12 00:00:00 UTC,-50,-1440,440931000,4.987916666666667
2012-01-12 00:00:00 UTC,-50,-1445,440931000,8.9591666666666665
2012-01-12 00:00:00 UTC,-49,-1442,440646000,4.3823611111111118
2012-01-12 00:00:00 UTC,-49,-1441,440646000,1.9026388888888888
2012-01-12 00:00:00 UTC,-49,-1439,440646000,0.82097222222222221
2012-01-12 00:00:00 UTC,-49,-1440,440646000,2.6968055555555552
2012-01-12 00:00:00 UTC,-49,-1446,440944000,8.2168055555555544
2012-01-12 00:00:00 UTC,-49,-1441,440944000,6.3043055555555565
2012-01-12 00:00:00 UTC,-49,-1440,440944000,2.7474999999999996
2012-01-12 00:00:00 UTC,-49,-1445,440624000,1.8066666666666666
2012-01-12 00:00:00 UTC,-49,-1446,440624000,8.1780555555555559
2012-01-12 00:00:00 UTC,-49,-1439,440624000,0.95847222222222228
2012-01-12 00:00:00 UTC,-49,-1440,440624000,0.86791666666666667
2012-01-12 00:00:00 UTC,-49,-1442,440624000,1.8138888888888889
2012-01-12 00:00:00 UTC,-49,-1439,440931000,0.41388888888888886
2012-01-12 00:00:00 UTC,-49,-1438,440931000,1.4169444444444443
2012-01-12 00:00:00 UTC,-49,-1433,440504000,8.989305555555557
2012-01-12 00:00:00 UTC,-48,-1595,440617000,1.84
2012-01-12 00:00:00 UTC,-48,-1439,440944000,1.78625
2012-01-12 00:00:00 UTC,-48,-1442,440624000,4.3965277777777789
2012-01-12 00:00:00 UTC,-48,-1439,440624000,1.8890277777777778
2012-01-12 00:00:00 UTC,-48,-1441,440624000,1.8119444444444444
2012-01-12 00:00:00 UTC,-48,-1440,440624000,2.7888888888888892
2012-01-12 00:00:00 UTC,-48,-1446,440858000,8.1970833333333335
2012-01-12 00:00:00 UTC,-48,-1440,440858000,4.9809722222222215
2012-01-12 00:00:00 UTC,-48,-1446,441047000,8.1983333333333341
2012-01-12 00:00:00 UTC,-47,-1440,440703000,1.887777777777778
2012-01-12 00:00:00 UTC,-47,-1439,440703000,2.6963888888888894
2012-01-12 00:00:00 UTC,-47,-1441,440703000,8.25152777777778
2012-01-12 00:00:00 UTC,-47,-1595,440617000,1.8
2012-01-12 00:00:00 UTC,-47,-1439,440858000,2.1997222222222219
2012-01-12 00:00:00 UTC,-47,-1440,440858000,0.88180555555555573
2012-01-12 00:00:00 UTC,-47,-1438,440858000,0.91972222222222222
2012-01-12 00:00:00 UTC,-47,-1441,441047000,5.0177777777777779
2012-01-12 00:00:00 UTC,-47,-1440,441047000,1.711111111111111
2012-01-12 00:00:00 UTC,-47,-1439,441047000,2.2727777777777773
2012-01-12 00:00:00 UTC,-47,-1438,441047000,0.12527777777777777
2012-01-12 00:00:00 UTC,-46,-1440,440703000,0.89569444444444435
2012-01-12 00:00:00 UTC,-46,-1442,440703000,0.935
2012-01-12 00:00:00 UTC,-46,-1439,440703000,0.93736111111111109
2012-01-12 00:00:00 UTC,-46,-1443,440703000,0.92194444444444457
2012-01-12 00:00:00 UTC,-46,-1595,440617000,1.8497222222222223
2012-01-12 00:00:00 UTC,-46,-1474,440773000,1.8343055555555554
2012-01-12 00:00:00 UTC,-46,-1476,440773000,3.6534722222222218
2012-01-12 00:00:00 UTC,-46,-1471,440773000,0.86791666666666667
2012-01-12 00:00:00 UTC,-46,-1438,441047000,0.8419444444444445
2012-01-12 00:00:00 UTC,-45,-1445,440703000,2.685
2012-01-12 00:00:00 UTC,-45,-1595,440617000,9.15194444444445
2012-01-12 00:00:00 UTC,-45,-1471,440773000,0.98333333333333339
2012-01-12 00:00:00 UTC,-45,-1439,440858000,1.8629166666666666
2012-01-12 00:00:00 UTC,-45,-1717,735057565,1.0273611111111109
2012-01-12 00:00:00 UTC,-44,-1718,735057565,3.0461111111111112
2012-01-12 00:00:00 UTC,-44,-1717,735057565,1.9794444444444443
2012-01-12 00:00:00 UTC,-43,-1746,529413000,1.245972222222222
2012-01-12 00:00:00 UTC,-43,-1753,529413000,1.0598611111111111
2012-01-12 00:00:00 UTC,-43,-1749,529413000,0.53347222222222224
2012-01-12 00:00:00 UTC,-43,-1747,529413000,0.85597222222222236
2012-01-12 00:00:00 UTC,-43,-1440,440858000,0.87708333333333333
2012-01-12 00:00:00 UTC,-42,-1700,441536000,0.83444444444444443
2012-01-12 00:00:00 UTC,-42,-1698,441536000,0.97194444444444461
2012-01-12 00:00:00 UTC,-42,-1746,529413000,1.8927777777777774
2012-01-12 00:00:00 UTC,-42,-1446,440858000,1.7912499999999998
2012-01-12 00:00:00 UTC,-42,-1441,440858000,0.97833333333333339
2012-01-12 00:00:00 UTC,-42,-1443,440858000,0.87583333333333335
2012-01-12 00:00:00 UTC,-42,-1444,440858000,0.93083333333333329
2012-01-12 00:00:00 UTC,-41,-1698,441536000,0.46875
2012-01-12 00:00:00 UTC,-41,-1697,441536000,0.81333333333333335
2012-01-12 00:00:00 UTC,-41,-1696,441536000,0.40416666666666667
2012-01-12 00:00:00 UTC,-41,-1753,529413000,0.92500000000000016
2012-01-12 00:00:00 UTC,-41,-1746,529413000,3.7168055555555553
2012-01-12 00:00:00 UTC,-40,-1696,441536000,0.47694444444444445
2012-01-12 00:00:00 UTC,-40,-1753,529413000,0.88736111111111116
2012-01-12 00:00:00 UTC,-39,-1696,441536000,0.85111111111111115
2012-01-12 00:00:00 UTC,-39,-1754,529413000,1.8458333333333334
2012-01-12 00:00:00 UTC,-38,-1696,441536000,0.5854166666666667
2012-01-12 00:00:00 UTC,-38,-1700,441536000,1.8438888888888889
2012-01-12 00:00:00 UTC,-38,-1695,441536000,0.015277777777777779
2012-01-12 00:00:00 UTC,-38,-1745,529413000,3.4705555555555554
2012-01-12 00:00:00 UTC,-37,-1696,441536000,0.87430555555555556
2012-01-12 00:00:00 UTC,-37,-1700,441536000,1.8416666666666668
2012-01-12 00:00:00 UTC,-37,-1695,441536000,0.029444444444444443
2012-01-12 00:00:00 UTC,-37,-1745,529413000,5.4775
2012-01-12 00:00:00 UTC,-36,-1698,441536000,0.84597222222222224
2012-01-12 00:00:00 UTC,-36,-1697,441536000,0.983888888888889
2012-01-12 00:00:00 UTC,-36,-1703,441062000,2.0554166666666669
2012-01-12 00:00:00 UTC,-36,-1702,441062000,2.13375
2012-01-12 00:00:00 UTC,-35,-1702,441062000,1.7115277777777775
2012-01-12 00:00:00 UTC,-35,1683,440886000,3.7073611111111116
2012-01-12 00:00:00 UTC,-34,-1702,441062000,1.4494444444444439
2012-01-12 00:00:00 UTC,-34,1681,440886000,8.1536111111111129
2012-01-12 00:00:00 UTC,-34,1684,440886000,1.8349999999999995
2012-01-12 00:00:00 UTC,-33,-1702,441062000,2.7111111111111112
2012-01-12 00:00:00 UTC,-33,-1703,441062000,3.6063888888888891
2012-01-12 00:00:00 UTC,-33,1684,440886000,1.3613888888888888
2012-01-12 00:00:00 UTC,-32,1684,440886000,0.81541666666666668
2012-01-12 00:00:00 UTC,-31,-1795,441084000,1.8325
2012-01-12 00:00:00 UTC,-31,-1706,441062000,8.9455555555555577
2012-01-12 00:00:00 UTC,-31,-1703,441062000,2.7429166666666664
2012-01-12 00:00:00 UTC,-31,1684,440886000,1.7247222222222223
2012-01-12 00:00:00 UTC,-30,-1794,441084000,1.5316666666666667
2012-01-12 00:00:00 UTC,-30,1684,440886000,1.5495833333333335
2012-01-12 00:00:00 UTC,-29,-1793,441084000,0.8475
2012-01-12 00:00:00 UTC,-28,-1793,441084000,1.3226388888888885
2012-01-12 00:00:00 UTC,-28,1686,440886000,1.8624999999999998
2012-01-12 00:00:00 UTC,-27,-1792,441084000,1.8183333333333334
2012-01-12 00:00:00 UTC,-26,-1792,441084000,4.4872222222222229
2012-01-12 00:00:00 UTC,-25,1799,440772000,0.52111111111111119
2012-01-12 00:00:00 UTC,-25,-1800,440772000,0.5493055555555556
2012-01-12 00:00:00 UTC,-25,1686,440886000,0.99305555555555547
2012-01-12 00:00:00 UTC,-24,1799,440772000,1.6291666666666667
2012-01-12 00:00:00 UTC,-24,1686,440886000,0.87805555555555559
2012-01-12 00:00:00 UTC,-23,-1791,441084000,8.1769444444444446
2012-01-12 00:00:00 UTC,-23,1797,440772000,0.89305555555555549
2012-01-12 00:00:00 UTC,-23,1798,440772000,0.93750000000000011
2012-01-12 00:00:00 UTC,-23,1796,440772000,4.5276388888888892
2012-01-12 00:00:00 UTC,-22,1726,440542000,5.4319444444444445
2012-01-12 00:00:00 UTC,-22,1725,440542000,3.5516666666666667
2012-01-12 00:00:00 UTC,-22,1792,440772000,3.5311111111111111
2012-01-12 00:00:00 UTC,-22,1725,440450000,8.1344444444444441
2012-01-12 00:00:00 UTC,-21,1725,440542000,3.024861111111111
2012-01-12 00:00:00 UTC,-21,1726,440450000,0.7777777777777779
2012-01-12 00:00:00 UTC,-20,1726,440542000,5.51375
2012-01-12 00:00:00 UTC,-20,-1546,440741000,4.6161111111111106
2012-01-12 00:00:00 UTC,-20,-1552,441645000,3.7843055555555556
2012-01-12 00:00:00 UTC,-20,-1549,441645000,0.83083333333333331
2012-01-12 00:00:00 UTC,-20,-1553,441645000,0.87041666666666651
2012-01-12 00:00:00 UTC,-20,1725,440450000,3.8986111111111112
2012-01-12 00:00:00 UTC,-20,1726,440450000,6.3459722222222226
2012-01-12 00:00:00 UTC,-19,1700,440670000,3.5143055555555556
2012-01-12 00:00:00 UTC,-19,1699,440670000,5.4327777777777779
2012-01-12 00:00:00 UTC,-19,-1549,440741000,4.3287499999999994
2012-01-12 00:00:00 UTC,-19,-1546,440741000,0.66402777777777777
2012-01-12 00:00:00 UTC,-19,-1551,441645000,1.7847222222222223
2012-01-12 00:00:00 UTC,-19,-1549,441645000,1.5111111111111111
2012-01-12 00:00:00 UTC,-19,-1553,441645000,3.5604166666666663
2012-01-12 00:00:00 UTC,-19,-1550,441645000,1.2302777777777778
2012-01-12 00:00:00 UTC,-19,-1556,441645000,4.3141666666666669
2012-01-12 00:00:00 UTC,-19,-1552,441645000,1.9163888888888887
2012-01-12 00:00:00 UTC,-18,1684,440885000,3.5083333333333337
2012-01-12 00:00:00 UTC,-18,1712,441811000,8.94736111111111
2012-01-12 00:00:00 UTC,-18,-1546,440741000,2.0973611111111112
2012-01-12 00:00:00 UTC,-18,-1548,440741000,4.5322222222222228
2012-01-12 00:00:00 UTC,-18,-1547,440741000,1.8577777777777778
2012-01-12 00:00:00 UTC,-17,1685,440885000,5.4215277777777784
2012-01-12 00:00:00 UTC,-17,1701,440670000,2.7177777777777785
2012-01-12 00:00:00 UTC,-16,1701,440670000,0.98791666666666667
2012-01-12 00:00:00 UTC,-16,1700,440670000,0.93388888888888888
2012-01-12 00:00:00 UTC,-16,1714,441811000,3.6956944444444439
2012-01-12 00:00:00 UTC,-15,1687,440885000,0.91125000000000012
2012-01-12 00:00:00 UTC,-15,1686,440885000,0.84833333333333349
2012-01-12 00:00:00 UTC,-15,1700,440670000,1.8080555555555551
2012-01-12 00:00:00 UTC,-15,1714,441811000,1.8391666666666666
2012-01-12 00:00:00 UTC,-14,1685,440885000,0.98791666666666655
2012-01-12 00:00:00 UTC,-14,1686,440885000,1.3570833333333334
2012-01-12 00:00:00 UTC,-14,1684,440885000,2.7388888888888889
2012-01-12 00:00:00 UTC,-14,1699,440670000,1.7291666666666665
2012-01-12 00:00:00 UTC,-14,1696,440670000,0.87361111111111123
2012-01-12 00:00:00 UTC,-14,1700,440670000,1.2641666666666664
2012-01-12 00:00:00 UTC,-14,1698,440670000,1.5815277777777776
2012-01-12 00:00:00 UTC,-14,1714,441811000,2.1733333333333333
2012-01-12 00:00:00 UTC,-14,1715,441811000,1.7098611111111111
2012-01-12 00:00:00 UTC,-14,1697,538060005,0.99152777777777779
2012-01-12 00:00:00 UTC,-14,1698,538060005,0.8979166666666667
2012-01-12 00:00:00 UTC,-14,1701,538060006,4.7095833333333337
2012-01-12 00:00:00 UTC,-14,1699,538060006,2.9034722222222218
2012-01-12 00:00:00 UTC,-13,1686,440885000,1.0969444444444443
2012-01-12 00:00:00 UTC,-13,1696,440670000,0.09736111111111112
2012-01-12 00:00:00 UTC,-13,1714,441811000,1.8681944444444443
2012-01-12 00:00:00 UTC,-13,1715,441811000,2.5066666666666664
2012-01-12 00:00:00 UTC,-13,1716,441811000,0.91833333333333322
2012-01-12 00:00:00 UTC,-13,1699,538060005,5.5
2012-01-12 00:00:00 UTC,-13,1697,538060005,0.2191666666666667
2012-01-12 00:00:00 UTC,-13,1698,538060005,3.0583333333333336
2012-01-12 00:00:00 UTC,-13,1698,538060006,0.8652777777777777
2012-01-12 00:00:00 UTC,-13,1700,538060006,4.7208333333333332
2012-01-12 00:00:00 UTC,-13,1699,538060006,3.0251388888888893
2012-01-12 00:00:00 UTC,-12,1685,440885000,1.8384722222222218
2012-01-12 00:00:00 UTC,-12,1686,440885000,2.1583333333333332
2012-01-12 00:00:00 UTC,-10,1707,224680000,5.4386111111111113
2012-01-12 00:00:00 UTC,-10,1706,224680000,3.5306944444444444
2012-01-12 00:00:00 UTC,-10,1705,224680000,2.8333333333333335
2012-01-12 00:00:00 UTC,-9,1702,444095214,1.730833333333333
2012-01-12 00:00:00 UTC,-8,1704,444095214,0.61944444444444435
2012-01-12 00:00:00 UTC,-7,1704,444095214,0.085833333333333331
2012-01-12 00:00:00 UTC,-3,1706,444095214,0.97138888888888886
